{
  "_fv": 47,
  "_type": "tool",
  "definition": {
    "toolType": "Pickaxe",
    "renderType": 0,
    "texture": "cobalt_pickaxe",
    "customModelName": "Normal",
    "name": "Cobalt Pickaxe",
    "specialInfo": [],
    "creativeTab": {
      "value": "TOOLS"
    },
    "harvestLevel": 2,
    "efficiency": 7.0,
    "attackSpeed": 1.2,
    "enchantability": 14,
    "damageVsEntity": 5.0,
    "usageCount": 100,
    "blocksAffected": [],
    "hasGlow": false,
    "repairItems": [
      {
        "value": "CUSTOM:Cobaltingot"
      }
    ],
    "immuneToFire": false,
    "stayInGridWhenCrafting": false,
    "damageOnCrafting": false
  }
}