{
  "_fv": 47,
  "_type": "tool",
  "definition": {
    "toolType": "Sword",
    "renderType": 0,
    "texture": "cobalt_sword",
    "customModelName": "Normal",
    "name": "Cobalt Sword",
    "specialInfo": [],
    "creativeTab": {
      "value": "COMBAT"
    },
    "harvestLevel": 1,
    "efficiency": 0.0,
    "attackSpeed": 1.6,
    "enchantability": 2,
    "damageVsEntity": 5.0,
    "usageCount": 200,
    "blocksAffected": [],
    "hasGlow": false,
    "repairItems": [
      {
        "value": "CUSTOM:Cobaltingot"
      }
    ],
    "immuneToFire": false,
    "stayInGridWhenCrafting": false,
    "damageOnCrafting": false
  }
}